tx_id,origem,destino,valor,moeda,timestamp,ground_truth,pattern_id
TX_00290,ACCOUNT_050,ACCOUNT_019,2518.7,USD,2026-07-01 01:11:44,False,
TX_00318,ACCOUNT_064,ACCOUNT_034,1246.69,USD,2026-07-01 02:53:07,False,
TX_00254,ACCOUNT_078,ACCOUNT_056,1706.2,USD,2026-07-01 03:14:24,False,
TX_00153,ACCOUNT_082,ACCOUNT_124,2857.32,USD,2026-07-01 03:31:16,False,
TX_00093,ACCOUNT_094,ACCOUNT_053,7252.93,USD,2026-07-01 04:41:16,False,
TX_00251,ACCOUNT_083,ACCOUNT_097,422.26,USD,2026-07-01 05:50:59,False,
TX_00355,ACCOUNT_016,ACCOUNT_006,2570.5,USD,2026-07-01 06:10:43,False,
TX_00300,ACCOUNT_018,ACCOUNT_012,2697.26,USD,2026-07-01 06:40:01,False,
TX_00061,ACCOUNT_046,ACCOUNT_104,1161.22,USD,2026-07-01 07:08:22,False,
TX_00210,ACCOUNT_049,ACCOUNT_042,2729.1,USD,2026-07-01 07:43:26,False,
TX_00330,ACCOUNT_053,ACCOUNT_118,796.24,USD,2026-07-01 08:58:41,False,
TX_00082,ACCOUNT_063,ACCOUNT_117,4753.96,USD,2026-07-01 10:02:02,False,
TX_00083,ACCOUNT_035,ACCOUNT_017,211.63,USD,2026-07-01 12:55:55,False,
TX_00324,ACCOUNT_083,ACCOUNT_024,3281.75,USD,2026-07-01 13:04:32,False,
TX_00047,ACCOUNT_058,ACCOUNT_108,831.69,USD,2026-07-01 14:03:26,False,
TX_00421,ACCOUNT_050,ACCOUNT_069,832.87,USD,2026-07-01 16:43:25,False,
TX_00438,ACCOUNT_119,ACCOUNT_020,16785.82,USD,2026-07-01 19:00:35,False,
TX_00028,ACCOUNT_070,ACCOUNT_076,883.49,USD,2026-07-01 22:11:19,False,
TX_00446,ACCOUNT_003,ACCOUNT_125,5548.41,USD,2026-07-01 22:52:39,False,
TX_00131,ACCOUNT_023,ACCOUNT_092,2708.41,USD,2026-07-02 01:18:21,False,
TX_00191,ACCOUNT_074,ACCOUNT_116,1028.78,USD,2026-07-02 01:57:47,False,
TX_00066,ACCOUNT_115,ACCOUNT_030,697.36,USD,2026-07-02 02:56:13,False,
TX_00434,ACCOUNT_046,ACCOUNT_001,2017.31,USD,2026-07-02 04:12:07,False,
TX_00401,ACCOUNT_085,ACCOUNT_073,378.48,USD,2026-07-02 04:58:57,False,
TX_00284,ACCOUNT_120,ACCOUNT_037,165.95,USD,2026-07-02 05:34:37,False,
TX_00218,ACCOUNT_023,ACCOUNT_118,327.28,USD,2026-07-02 08:08:50,False,
TX_00114,ACCOUNT_072,ACCOUNT_036,492.17,USD,2026-07-02 11:27:46,False,
TX_00322,ACCOUNT_078,ACCOUNT_091,434.73,USD,2026-07-02 12:22:27,False,
TX_00449,ACCOUNT_058,ACCOUNT_027,2138.15,USD,2026-07-02 13:01:18,False,
TX_00167,ACCOUNT_001,ACCOUNT_020,222.79,USD,2026-07-02 13:11:37,False,
TX_00390,ACCOUNT_083,ACCOUNT_078,1933.78,USD,2026-07-02 14:56:58,False,
TX_00169,ACCOUNT_030,ACCOUNT_031,2629.35,USD,2026-07-02 17:12:25,False,
TX_00203,ACCOUNT_092,ACCOUNT_040,990.25,USD,2026-07-02 23:54:33,False,
TX_00384,ACCOUNT_115,ACCOUNT_077,1737.88,USD,2026-07-03 03:39:49,False,
TX_00207,ACCOUNT_063,ACCOUNT_120,1981.08,USD,2026-07-03 07:09:34,False,
TX_00134,ACCOUNT_012,ACCOUNT_073,325.44,USD,2026-07-03 12:50:06,False,
TX_00149,ACCOUNT_121,ACCOUNT_019,516.63,USD,2026-07-03 14:06:22,False,
TX_00144,ACCOUNT_015,ACCOUNT_091,1865.94,USD,2026-07-03 15:09:01,False,
TX_00027,ACCOUNT_071,ACCOUNT_070,2735.34,USD,2026-07-03 17:12:28,False,
TX_00400,ACCOUNT_070,ACCOUNT_023,1876.1,USD,2026-07-03 17:18:02,False,
TX_00179,ACCOUNT_089,ACCOUNT_047,828.39,USD,2026-07-03 18:02:20,False,
TX_00007,ACCOUNT_057,ACCOUNT_029,565.1,USD,2026-07-03 18:20:16,False,
TX_00049,ACCOUNT_018,ACCOUNT_074,533.18,USD,2026-07-03 20:10:48,False,
TX_00044,ACCOUNT_057,ACCOUNT_010,987.2,USD,2026-07-03 21:24:05,False,
TX_00362,ACCOUNT_039,ACCOUNT_054,288.99,USD,2026-07-03 21:49:26,False,
TX_00116,ACCOUNT_007,ACCOUNT_087,3086.2,USD,2026-07-03 23:21:41,False,
TX_00253,ACCOUNT_114,ACCOUNT_030,900.92,USD,2026-07-04 01:22:05,False,
TX_00052,ACCOUNT_042,ACCOUNT_085,459.49,USD,2026-07-04 02:27:00,False,
TX_00359,ACCOUNT_097,ACCOUNT_113,492.75,USD,2026-07-04 03:45:42,False,
TX_00092,ACCOUNT_070,ACCOUNT_106,1453.08,USD,2026-07-04 04:14:46,False,
TX_00162,ACCOUNT_036,ACCOUNT_006,1516.89,USD,2026-07-04 04:37:19,False,
TX_00115,ACCOUNT_012,ACCOUNT_105,2063.44,USD,2026-07-04 04:51:15,False,
TX_00096,ACCOUNT_099,ACCOUNT_083,694.94,USD,2026-07-04 06:35:01,False,
TX_00160,ACCOUNT_115,ACCOUNT_069,167.49,USD,2026-07-04 07:37:25,False,
TX_00367,ACCOUNT_105,ACCOUNT_051,1172.98,USD,2026-07-04 07:54:56,False,
TX_00040,ACCOUNT_046,ACCOUNT_043,545.92,USD,2026-07-04 12:57:51,False,
TX_00154,ACCOUNT_090,ACCOUNT_053,10882.24,USD,2026-07-04 13:18:16,False,
TX_00063,ACCOUNT_084,ACCOUNT_085,1724.37,USD,2026-07-04 13:35:22,False,
TX_00206,ACCOUNT_020,ACCOUNT_084,92.94,USD,2026-07-04 14:09:51,False,
TX_00170,ACCOUNT_122,ACCOUNT_116,3569.91,USD,2026-07-04 14:33:57,False,
TX_00155,ACCOUNT_110,ACCOUNT_080,5675.02,USD,2026-07-04 16:22:23,False,
TX_00004,ACCOUNT_096,ACCOUNT_065,621.58,USD,2026-07-04 20:14:30,False,
TX_00186,ACCOUNT_115,ACCOUNT_060,1425.74,USD,2026-07-04 21:07:19,False,
TX_00266,ACCOUNT_115,ACCOUNT_044,6009.51,USD,2026-07-05 00:44:39,False,
TX_00415,ACCOUNT_017,ACCOUNT_096,2339.59,USD,2026-07-05 03:49:52,False,
TX_00024,ACCOUNT_058,ACCOUNT_005,5143.28,USD,2026-07-05 04:39:13,False,
TX_00214,ACCOUNT_105,ACCOUNT_082,4738.33,USD,2026-07-05 05:56:56,False,
TX_00386,ACCOUNT_105,ACCOUNT_124,50.22,USD,2026-07-05 06:38:18,False,
TX_00316,ACCOUNT_075,ACCOUNT_098,500.63,USD,2026-07-05 07:28:38,False,
TX_00315,ACCOUNT_016,ACCOUNT_112,1354.04,USD,2026-07-05 10:31:00,False,
TX_00406,ACCOUNT_112,ACCOUNT_071,1493.77,USD,2026-07-05 11:39:04,False,
TX_00329,ACCOUNT_090,ACCOUNT_123,1628.65,USD,2026-07-05 11:50:41,False,
TX_00055,ACCOUNT_037,ACCOUNT_003,536.99,USD,2026-07-05 13:04:43,False,
TX_00395,ACCOUNT_058,ACCOUNT_055,1217.36,USD,2026-07-05 13:40:30,False,
TX_00396,ACCOUNT_063,ACCOUNT_050,544.71,USD,2026-07-05 14:17:07,False,
TX_00301,ACCOUNT_103,ACCOUNT_004,177.23,USD,2026-07-05 14:33:37,False,
TX_00241,ACCOUNT_014,ACCOUNT_124,6899.26,USD,2026-07-05 14:53:21,False,
TX_00012,ACCOUNT_059,ACCOUNT_069,1973.85,USD,2026-07-05 15:05:18,False,
TX_00383,ACCOUNT_048,ACCOUNT_015,2974.27,USD,2026-07-05 17:05:32,False,
TX_00017,ACCOUNT_118,ACCOUNT_055,466.81,USD,2026-07-05 19:41:43,False,
TX_00036,ACCOUNT_091,ACCOUNT_090,1354.58,USD,2026-07-05 20:06:56,False,
TX_00291,ACCOUNT_052,ACCOUNT_108,1108.07,USD,2026-07-05 21:02:59,False,
TX_00123,ACCOUNT_055,ACCOUNT_060,6339.88,USD,2026-07-05 22:53:12,False,
TX_00321,ACCOUNT_052,ACCOUNT_068,1169.17,USD,2026-07-05 23:05:29,False,
TX_00034,ACCOUNT_051,ACCOUNT_041,966.08,USD,2026-07-06 00:13:13,False,
TX_00139,ACCOUNT_066,ACCOUNT_078,3788.71,USD,2026-07-06 00:45:28,False,
TX_00414,ACCOUNT_115,ACCOUNT_084,1046.84,USD,2026-07-06 03:57:30,False,
TX_00108,ACCOUNT_003,ACCOUNT_025,812.57,USD,2026-07-06 05:44:30,False,
TX_00443,ACCOUNT_014,ACCOUNT_072,1044.16,USD,2026-07-06 06:58:35,False,
TX_00230,ACCOUNT_115,ACCOUNT_049,3011.42,USD,2026-07-06 07:48:17,False,
TX_00334,ACCOUNT_019,ACCOUNT_034,4885.36,USD,2026-07-06 08:28:41,False,
TX_00112,ACCOUNT_107,ACCOUNT_062,16859.6,USD,2026-07-06 10:40:43,False,
TX_00005,ACCOUNT_063,ACCOUNT_047,1421.44,USD,2026-07-06 11:26:08,False,
TX_00280,ACCOUNT_085,ACCOUNT_059,2729.08,USD,2026-07-06 13:19:44,False,
TX_00051,ACCOUNT_023,ACCOUNT_062,1846.75,USD,2026-07-06 15:31:19,False,
TX_00219,ACCOUNT_025,ACCOUNT_037,3763.22,USD,2026-07-06 19:57:31,False,
TX_00351,ACCOUNT_091,ACCOUNT_031,1270.84,USD,2026-07-06 22:42:07,False,
TX_00213,ACCOUNT_120,ACCOUNT_070,4456.89,USD,2026-07-07 00:20:45,False,
TX_00129,ACCOUNT_062,ACCOUNT_082,1025.65,USD,2026-07-07 01:41:48,False,
TX_00368,ACCOUNT_096,ACCOUNT_006,765.11,USD,2026-07-07 04:54:20,False,
TX_00391,ACCOUNT_094,ACCOUNT_104,1507.07,USD,2026-07-07 08:36:26,False,
TX_00310,ACCOUNT_100,ACCOUNT_038,2372.82,USD,2026-07-07 11:46:33,False,
TX_00073,ACCOUNT_106,ACCOUNT_112,1732.37,USD,2026-07-07 16:51:39,False,
TX_00192,ACCOUNT_060,ACCOUNT_019,563.47,USD,2026-07-07 18:25:36,False,
TX_00016,ACCOUNT_017,ACCOUNT_042,2405.55,USD,2026-07-07 19:22:29,False,
TX_00296,ACCOUNT_060,ACCOUNT_042,1727.32,USD,2026-07-07 20:20:31,False,
TX_00369,ACCOUNT_052,ACCOUNT_016,424.4,USD,2026-07-07 23:41:40,False,
TX_00030,ACCOUNT_052,ACCOUNT_005,585.52,USD,2026-07-08 00:26:11,False,
TX_00357,ACCOUNT_111,ACCOUNT_014,1097.87,USD,2026-07-08 00:30:09,False,
TX_00117,ACCOUNT_101,ACCOUNT_113,876.23,USD,2026-07-08 04:42:43,False,
TX_00164,ACCOUNT_113,ACCOUNT_031,1139.51,USD,2026-07-08 05:23:46,False,
TX_00302,ACCOUNT_014,ACCOUNT_060,3900.86,USD,2026-07-08 05:58:48,False,
TX_00444,ACCOUNT_064,ACCOUNT_070,2739.25,USD,2026-07-08 07:25:56,False,
TX_00372,ACCOUNT_052,ACCOUNT_024,3257.33,USD,2026-07-08 08:35:11,False,
TX_00182,ACCOUNT_056,ACCOUNT_019,983.87,USD,2026-07-08 10:46:06,False,
TX_00277,ACCOUNT_008,ACCOUNT_071,1152.59,USD,2026-07-08 12:25:59,False,
TX_00382,ACCOUNT_070,ACCOUNT_021,3122.1,USD,2026-07-08 14:17:34,False,
TX_00364,ACCOUNT_068,ACCOUNT_011,1011.74,USD,2026-07-08 14:20:38,False,
TX_00306,ACCOUNT_097,ACCOUNT_037,1023.17,USD,2026-07-08 15:04:10,False,
TX_00431,ACCOUNT_081,ACCOUNT_039,1998.7,USD,2026-07-08 17:37:19,False,
TX_00231,ACCOUNT_040,ACCOUNT_024,744.25,USD,2026-07-08 18:36:00,False,
TX_00294,ACCOUNT_098,ACCOUNT_067,3696.78,USD,2026-07-08 19:27:03,False,
TX_00370,ACCOUNT_113,ACCOUNT_049,508.46,USD,2026-07-08 22:28:07,False,
TX_00122,ACCOUNT_049,ACCOUNT_032,958.41,USD,2026-07-08 23:51:12,False,
TX_00101,ACCOUNT_067,ACCOUNT_031,499.14,USD,2026-07-09 01:27:29,False,
TX_00199,ACCOUNT_092,ACCOUNT_066,1972.92,USD,2026-07-09 01:30:37,False,
TX_00441,ACCOUNT_018,ACCOUNT_032,1479.35,USD,2026-07-09 02:51:18,False,
TX_00175,ACCOUNT_092,ACCOUNT_002,2760.66,USD,2026-07-09 02:56:46,False,
TX_00029,ACCOUNT_123,ACCOUNT_027,424.91,USD,2026-07-09 07:06:53,False,
TX_00187,ACCOUNT_015,ACCOUNT_119,3528.46,USD,2026-07-09 08:12:51,False,
TX_00377,ACCOUNT_042,ACCOUNT_065,1149.7,USD,2026-07-09 11:11:56,False,
TX_00106,ACCOUNT_116,ACCOUNT_020,1187.45,USD,2026-07-09 12:59:54,False,
TX_00237,ACCOUNT_065,ACCOUNT_091,1028.23,USD,2026-07-09 13:00:22,False,
TX_00432,ACCOUNT_046,ACCOUNT_052,888.18,USD,2026-07-09 14:12:58,False,
TX_00090,ACCOUNT_083,ACCOUNT_066,715.98,USD,2026-07-09 14:14:28,False,
TX_00392,ACCOUNT_067,ACCOUNT_055,1297.18,USD,2026-07-09 14:47:06,False,
TX_00366,ACCOUNT_074,ACCOUNT_093,336.27,USD,2026-07-09 21:08:37,False,
TX_00375,ACCOUNT_042,ACCOUNT_031,613.82,USD,2026-07-09 21:13:22,False,
TX_00126,ACCOUNT_048,ACCOUNT_030,4315.81,USD,2026-07-09 21:45:03,False,
TX_00448,ACCOUNT_041,ACCOUNT_040,2327.82,USD,2026-07-09 21:49:25,False,
TX_00243,ACCOUNT_001,ACCOUNT_016,914.84,USD,2026-07-09 22:23:58,False,
TX_00071,ACCOUNT_067,ACCOUNT_006,424.05,USD,2026-07-09 23:08:04,False,
TX_00275,ACCOUNT_107,ACCOUNT_031,1834.3,USD,2026-07-09 23:46:51,False,
TX_00053,ACCOUNT_100,ACCOUNT_022,943.1,USD,2026-07-09 23:59:41,False,
TX_00227,ACCOUNT_054,ACCOUNT_114,528.99,USD,2026-07-10 03:35:09,False,
TX_00217,ACCOUNT_115,ACCOUNT_019,894.52,USD,2026-07-10 04:34:04,False,
TX_00067,ACCOUNT_069,ACCOUNT_047,2848.76,USD,2026-07-10 07:10:04,False,
TX_00080,ACCOUNT_075,ACCOUNT_036,2389.87,USD,2026-07-10 07:25:58,False,
TX_00208,ACCOUNT_125,ACCOUNT_054,2035.65,USD,2026-07-10 07:53:32,False,
TX_00018,ACCOUNT_105,ACCOUNT_013,735.86,USD,2026-07-10 08:54:14,False,
TX_00286,ACCOUNT_057,ACCOUNT_099,1074.32,USD,2026-07-10 09:03:01,False,
TX_00148,ACCOUNT_034,ACCOUNT_067,1167.63,USD,2026-07-10 10:23:48,False,
TX_00074,ACCOUNT_112,ACCOUNT_059,1631.81,USD,2026-07-10 11:28:08,False,
TX_00068,ACCOUNT_104,ACCOUNT_121,3097.7,USD,2026-07-10 12:20:24,False,
TX_00110,ACCOUNT_086,ACCOUNT_104,1405.07,USD,2026-07-10 12:57:12,False,
TX_00299,ACCOUNT_076,ACCOUNT_006,1720.43,USD,2026-07-10 13:41:29,False,
TX_00450,ACCOUNT_096,ACCOUNT_045,395.35,USD,2026-07-10 17:05:50,False,
TX_00410,ACCOUNT_104,ACCOUNT_012,955.89,USD,2026-07-10 17:54:45,False,
TX_00245,ACCOUNT_108,ACCOUNT_059,2129.98,USD,2026-07-10 18:11:14,False,
TX_00272,ACCOUNT_113,ACCOUNT_071,2067.01,USD,2026-07-10 18:14:48,False,
TX_00215,ACCOUNT_106,ACCOUNT_050,1507.69,USD,2026-07-10 20:35:12,False,
TX_00225,ACCOUNT_117,ACCOUNT_106,1748.96,USD,2026-07-10 22:23:49,False,
TX_00349,ACCOUNT_097,ACCOUNT_017,1963.47,USD,2026-07-10 23:13:36,False,
TX_00146,ACCOUNT_097,ACCOUNT_092,1651.75,USD,2026-07-11 00:13:09,False,
TX_00202,ACCOUNT_007,ACCOUNT_071,1014.54,USD,2026-07-11 00:34:25,False,
TX_00350,ACCOUNT_021,ACCOUNT_006,2440.4,USD,2026-07-11 04:25:26,False,
TX_00228,ACCOUNT_074,ACCOUNT_049,601.89,USD,2026-07-11 05:13:31,False,
TX_00389,ACCOUNT_043,ACCOUNT_117,866.42,USD,2026-07-11 06:31:50,False,
TX_00195,ACCOUNT_031,ACCOUNT_099,479.27,USD,2026-07-11 06:44:43,False,
TX_00323,ACCOUNT_017,ACCOUNT_037,268.26,USD,2026-07-11 07:19:16,False,
TX_00312,ACCOUNT_010,ACCOUNT_092,1444.13,USD,2026-07-11 09:27:52,False,
TX_00271,ACCOUNT_123,ACCOUNT_036,288.56,USD,2026-07-11 09:37:45,False,
TX_00054,ACCOUNT_116,ACCOUNT_056,2372.35,USD,2026-07-11 09:44:46,False,
TX_00345,ACCOUNT_079,ACCOUNT_040,2881.76,USD,2026-07-11 10:37:30,False,
TX_00267,ACCOUNT_011,ACCOUNT_009,1785.51,USD,2026-07-11 12:37:30,False,
TX_00379,ACCOUNT_046,ACCOUNT_017,2005.19,USD,2026-07-11 18:59:48,False,
TX_00404,ACCOUNT_022,ACCOUNT_038,6734.06,USD,2026-07-11 20:03:13,False,
TX_00308,ACCOUNT_076,ACCOUNT_010,584.78,USD,2026-07-11 20:18:21,False,
TX_00011,ACCOUNT_095,ACCOUNT_025,1861.06,USD,2026-07-11 22:00:44,False,
TX_00013,ACCOUNT_116,ACCOUNT_094,844.7,USD,2026-07-11 23:58:57,False,
TX_00079,ACCOUNT_094,ACCOUNT_023,494.56,USD,2026-07-12 00:23:25,False,
TX_00124,ACCOUNT_053,ACCOUNT_043,2914.48,USD,2026-07-12 00:36:30,False,
TX_00014,ACCOUNT_121,ACCOUNT_114,2331.77,USD,2026-07-12 02:43:51,False,
TX_00381,ACCOUNT_019,ACCOUNT_021,475.43,USD,2026-07-12 04:16:11,False,
TX_00365,ACCOUNT_014,ACCOUNT_107,616.41,USD,2026-07-12 05:59:51,False,
TX_00348,ACCOUNT_059,ACCOUNT_043,1721.1,USD,2026-07-12 07:35:17,False,
TX_00038,ACCOUNT_088,ACCOUNT_021,915.1,USD,2026-07-12 10:20:07,False,
TX_00150,ACCOUNT_118,ACCOUNT_093,5081.24,USD,2026-07-12 11:59:24,False,
TX_00394,ACCOUNT_110,ACCOUNT_008,1381.81,USD,2026-07-12 22:12:54,False,
TX_00088,ACCOUNT_016,ACCOUNT_011,997.34,USD,2026-07-12 22:15:22,False,
TX_00363,ACCOUNT_093,ACCOUNT_078,927.46,USD,2026-07-13 01:50:29,False,
TX_00408,ACCOUNT_024,ACCOUNT_081,922.4,USD,2026-07-13 01:57:14,False,
TX_00426,ACCOUNT_102,ACCOUNT_031,2182.74,USD,2026-07-13 02:02:09,False,
TX_00346,ACCOUNT_077,ACCOUNT_049,3203.82,USD,2026-07-13 06:34:50,False,
TX_00033,ACCOUNT_125,ACCOUNT_084,2020.49,USD,2026-07-13 06:36:51,False,
TX_00075,ACCOUNT_042,ACCOUNT_083,1970.18,USD,2026-07-13 07:21:30,False,
TX_00189,ACCOUNT_077,ACCOUNT_122,632.68,USD,2026-07-13 08:30:13,False,
TX_00257,ACCOUNT_032,ACCOUNT_030,5709.25,USD,2026-07-13 10:48:04,False,
TX_00050,ACCOUNT_082,ACCOUNT_095,1632.71,USD,2026-07-13 11:22:52,False,
TX_00085,ACCOUNT_096,ACCOUNT_073,991.57,USD,2026-07-13 12:15:56,False,
TX_00281,ACCOUNT_040,ACCOUNT_013,913.88,USD,2026-07-13 19:32:43,False,
TX_00331,ACCOUNT_045,ACCOUNT_066,761.08,USD,2026-07-13 20:10:00,False,
TX_00048,ACCOUNT_095,ACCOUNT_083,1366.03,USD,2026-07-13 23:06:25,False,
TX_00216,ACCOUNT_011,ACCOUNT_006,5476.64,USD,2026-07-14 00:19:15,False,
TX_00087,ACCOUNT_104,ACCOUNT_017,2079.04,USD,2026-07-14 00:21:42,False,
TX_00125,ACCOUNT_093,ACCOUNT_041,519.25,USD,2026-07-14 00:24:20,False,
TX_00278,ACCOUNT_099,ACCOUNT_080,2350.95,USD,2026-07-14 03:38:17,False,
TX_00060,ACCOUNT_042,ACCOUNT_107,1180.02,USD,2026-07-14 04:00:58,False,
TX_00409,ACCOUNT_043,ACCOUNT_059,1343.04,USD,2026-07-14 04:50:09,False,
TX_00184,ACCOUNT_033,ACCOUNT_082,1891.34,USD,2026-07-14 06:43:39,False,
TX_00232,ACCOUNT_004,ACCOUNT_087,1586.33,USD,2026-07-14 10:42:33,False,
TX_00259,ACCOUNT_089,ACCOUNT_074,1035.25,USD,2026-07-14 11:15:35,False,
TX_00269,ACCOUNT_111,ACCOUNT_043,292.14,USD,2026-07-14 11:47:28,False,
TX_00442,ACCOUNT_028,ACCOUNT_083,333.87,USD,2026-07-14 13:51:57,False,
TX_00268,ACCOUNT_026,ACCOUNT_038,1571.3,USD,2026-07-14 14:21:41,False,
TX_00158,ACCOUNT_104,ACCOUNT_122,655.42,USD,2026-07-14 18:09:16,False,
TX_00178,ACCOUNT_028,ACCOUNT_111,3088.58,USD,2026-07-14 18:25:46,False,
TX_00015,ACCOUNT_100,ACCOUNT_024,628.83,USD,2026-07-14 21:19:01,False,
TX_00097,ACCOUNT_032,ACCOUNT_100,1157.02,USD,2026-07-14 21:21:56,False,
TX_00211,ACCOUNT_095,ACCOUNT_066,720.87,USD,2026-07-15 00:02:35,False,
TX_00354,ACCOUNT_024,ACCOUNT_008,1284.43,USD,2026-07-15 01:15:35,False,
TX_00387,ACCOUNT_103,ACCOUNT_047,2011.41,USD,2026-07-15 01:30:24,False,
TX_00333,ACCOUNT_021,ACCOUNT_086,480.35,USD,2026-07-15 01:32:03,False,
TX_00336,ACCOUNT_115,ACCOUNT_043,250.72,USD,2026-07-15 02:15:23,False,
TX_00103,ACCOUNT_111,ACCOUNT_009,1821.47,USD,2026-07-15 06:18:11,False,
TX_00152,ACCOUNT_118,ACCOUNT_077,1353.28,USD,2026-07-15 09:08:45,False,
TX_00451,ACCOUNT_010,ACCOUNT_011,8500.0,USD,2026-07-15 10:00:00,True,GT_TX_001
TX_00429,ACCOUNT_096,ACCOUNT_014,387.77,USD,2026-07-15 10:02:14,False,
TX_00380,ACCOUNT_016,ACCOUNT_012,5899.69,USD,2026-07-15 11:03:43,False,
TX_00452,ACCOUNT_011,ACCOUNT_012,8300.0,USD,2026-07-15 11:20:00,True,GT_TX_001
TX_00297,ACCOUNT_031,ACCOUNT_117,489.03,USD,2026-07-15 11:29:36,False,
TX_00453,ACCOUNT_012,ACCOUNT_010,8100.0,USD,2026-07-15 13:00:00,True,GT_TX_001
TX_00292,ACCOUNT_001,ACCOUNT_035,327.95,USD,2026-07-15 16:26:29,False,
TX_00244,ACCOUNT_006,ACCOUNT_121,2783.16,USD,2026-07-15 16:35:01,False,
TX_00289,ACCOUNT_123,ACCOUNT_038,2398.83,USD,2026-07-15 17:10:07,False,
TX_00142,ACCOUNT_096,ACCOUNT_065,209.16,USD,2026-07-15 18:21:01,False,
TX_00220,ACCOUNT_062,ACCOUNT_091,659.9,USD,2026-07-15 19:10:07,False,
TX_00041,ACCOUNT_046,ACCOUNT_114,953.04,USD,2026-07-15 20:26:50,False,
TX_00265,ACCOUNT_008,ACCOUNT_050,7065.95,USD,2026-07-15 20:58:37,False,
TX_00037,ACCOUNT_118,ACCOUNT_020,2437.79,USD,2026-07-15 22:04:39,False,
TX_00081,ACCOUNT_041,ACCOUNT_122,1156.21,USD,2026-07-15 23:30:03,False,
TX_00341,ACCOUNT_108,ACCOUNT_100,4840.32,USD,2026-07-16 02:04:26,False,
TX_00347,ACCOUNT_072,ACCOUNT_117,3034.32,USD,2026-07-16 03:04:52,False,
TX_00084,ACCOUNT_085,ACCOUNT_038,627.09,USD,2026-07-16 04:33:27,False,
TX_00185,ACCOUNT_118,ACCOUNT_058,1833.35,USD,2026-07-16 06:00:50,False,
TX_00089,ACCOUNT_017,ACCOUNT_062,4463.37,USD,2026-07-16 06:01:41,False,
TX_00282,ACCOUNT_082,ACCOUNT_098,1073.64,USD,2026-07-16 09:10:01,False,
TX_00120,ACCOUNT_017,ACCOUNT_041,5035.88,USD,2026-07-16 10:14:25,False,
TX_00159,ACCOUNT_002,ACCOUNT_038,1717.54,USD,2026-07-16 11:11:57,False,
TX_00109,ACCOUNT_054,ACCOUNT_074,1540.54,USD,2026-07-16 11:31:00,False,
TX_00420,ACCOUNT_090,ACCOUNT_123,853.78,USD,2026-07-16 14:02:14,False,
TX_00255,ACCOUNT_033,ACCOUNT_085,828.73,USD,2026-07-16 22:02:22,False,
TX_00374,ACCOUNT_110,ACCOUNT_067,4569.17,USD,2026-07-16 22:12:44,False,
TX_00403,ACCOUNT_094,ACCOUNT_057,867.39,USD,2026-07-16 22:37:04,False,
TX_00385,ACCOUNT_059,ACCOUNT_067,1812.13,USD,2026-07-16 22:57:28,False,
TX_00128,ACCOUNT_061,ACCOUNT_058,6435.22,USD,2026-07-17 01:30:46,False,
TX_00378,ACCOUNT_062,ACCOUNT_050,1086.76,USD,2026-07-17 02:19:44,False,
TX_00224,ACCOUNT_008,ACCOUNT_093,2431.83,USD,2026-07-17 04:27:35,False,
TX_00107,ACCOUNT_057,ACCOUNT_015,1053.9,USD,2026-07-17 05:00:16,False,
TX_00247,ACCOUNT_028,ACCOUNT_070,2179.87,USD,2026-07-17 05:05:48,False,
TX_00417,ACCOUNT_114,ACCOUNT_121,200.91,USD,2026-07-17 06:17:48,False,
TX_00309,ACCOUNT_019,ACCOUNT_040,1994.78,USD,2026-07-17 10:41:04,False,
TX_00293,ACCOUNT_052,ACCOUNT_054,533.76,USD,2026-07-17 12:50:02,False,
TX_00062,ACCOUNT_113,ACCOUNT_038,296.72,USD,2026-07-17 14:54:21,False,
TX_00023,ACCOUNT_035,ACCOUNT_098,753.71,USD,2026-07-17 16:03:56,False,
TX_00032,ACCOUNT_037,ACCOUNT_016,1544.86,USD,2026-07-17 17:03:47,False,
TX_00233,ACCOUNT_018,ACCOUNT_075,1695.67,USD,2026-07-17 23:53:50,False,
TX_00328,ACCOUNT_085,ACCOUNT_096,1189.15,USD,2026-07-18 00:11:42,False,
TX_00058,ACCOUNT_062,ACCOUNT_021,196.6,USD,2026-07-18 03:38:39,False,
TX_00140,ACCOUNT_022,ACCOUNT_001,170.35,USD,2026-07-18 04:08:59,False,
TX_00373,ACCOUNT_017,ACCOUNT_107,563.05,USD,2026-07-18 05:30:04,False,
TX_00264,ACCOUNT_051,ACCOUNT_015,282.14,USD,2026-07-18 05:54:28,False,
TX_00319,ACCOUNT_070,ACCOUNT_125,1353.3,USD,2026-07-18 08:01:21,False,
TX_00183,ACCOUNT_119,ACCOUNT_053,3499.94,USD,2026-07-18 08:10:20,False,
TX_00046,ACCOUNT_026,ACCOUNT_102,784.67,USD,2026-07-18 09:02:17,False,
TX_00418,ACCOUNT_097,ACCOUNT_120,1383.61,USD,2026-07-18 11:18:47,False,
TX_00279,ACCOUNT_119,ACCOUNT_125,905.18,USD,2026-07-18 16:05:43,False,
TX_00193,ACCOUNT_044,ACCOUNT_071,1036.98,USD,2026-07-18 16:35:39,False,
TX_00138,ACCOUNT_119,ACCOUNT_091,732.14,USD,2026-07-18 16:51:16,False,
TX_00180,ACCOUNT_048,ACCOUNT_123,1968.65,USD,2026-07-18 18:12:48,False,
TX_00136,ACCOUNT_120,ACCOUNT_051,2377.44,USD,2026-07-18 19:27:03,False,
TX_00091,ACCOUNT_063,ACCOUNT_004,1570.13,USD,2026-07-18 21:47:38,False,
TX_00436,ACCOUNT_088,ACCOUNT_097,1089.68,USD,2026-07-19 03:32:12,False,
TX_00098,ACCOUNT_030,ACCOUNT_096,831.73,USD,2026-07-19 04:19:53,False,
TX_00430,ACCOUNT_088,ACCOUNT_031,1939.25,USD,2026-07-19 04:28:43,False,
TX_00039,ACCOUNT_086,ACCOUNT_079,364.16,USD,2026-07-19 05:10:53,False,
TX_00326,ACCOUNT_110,ACCOUNT_078,505.06,USD,2026-07-19 07:45:16,False,
TX_00223,ACCOUNT_100,ACCOUNT_096,540.4,USD,2026-07-19 09:57:28,False,
TX_00065,ACCOUNT_041,ACCOUNT_014,461.07,USD,2026-07-19 10:32:34,False,
TX_00177,ACCOUNT_077,ACCOUNT_009,2053.35,USD,2026-07-19 11:44:32,False,
TX_00069,ACCOUNT_080,ACCOUNT_037,1291.18,USD,2026-07-19 15:44:21,False,
TX_00419,ACCOUNT_077,ACCOUNT_039,3432.28,USD,2026-07-19 18:20:39,False,
TX_00196,ACCOUNT_069,ACCOUNT_067,13875.87,USD,2026-07-19 18:43:44,False,
TX_00173,ACCOUNT_064,ACCOUNT_069,630.39,USD,2026-07-19 21:36:30,False,
TX_00425,ACCOUNT_069,ACCOUNT_056,674.46,USD,2026-07-19 23:11:08,False,
TX_00130,ACCOUNT_101,ACCOUNT_096,715.03,USD,2026-07-19 23:42:02,False,
TX_00095,ACCOUNT_055,ACCOUNT_059,1779.42,USD,2026-07-20 00:41:48,False,
TX_00147,ACCOUNT_103,ACCOUNT_096,615.84,USD,2026-07-20 00:50:17,False,
TX_00287,ACCOUNT_107,ACCOUNT_014,3443.54,USD,2026-07-20 01:36:20,False,
TX_00133,ACCOUNT_120,ACCOUNT_077,6895.21,USD,2026-07-20 02:04:40,False,
TX_00181,ACCOUNT_058,ACCOUNT_032,1800.46,USD,2026-07-20 02:12:50,False,
TX_00113,ACCOUNT_029,ACCOUNT_032,1895.55,USD,2026-07-20 06:38:51,False,
TX_00454,ACCOUNT_020,ACCOUNT_005,2800.0,USD,2026-07-20 09:00:00,True,GT_TX_002
TX_00337,ACCOUNT_081,ACCOUNT_110,1204.9,USD,2026-07-20 09:02:20,False,
TX_00455,ACCOUNT_021,ACCOUNT_005,3100.0,USD,2026-07-20 09:18:00,True,GT_TX_002
TX_00456,ACCOUNT_022,ACCOUNT_005,2600.0,USD,2026-07-20 09:37:00,True,GT_TX_002
TX_00457,ACCOUNT_023,ACCOUNT_005,3000.0,USD,2026-07-20 09:55:00,True,GT_TX_002
TX_00458,ACCOUNT_005,ACCOUNT_105,10700.0,USD,2026-07-20 10:35:00,True,GT_TX_002
TX_00222,ACCOUNT_106,ACCOUNT_070,1066.31,USD,2026-07-20 11:23:14,False,
TX_00371,ACCOUNT_078,ACCOUNT_023,2208.4,USD,2026-07-20 12:30:01,False,
TX_00194,ACCOUNT_088,ACCOUNT_074,2338.47,USD,2026-07-20 13:45:06,False,
TX_00356,ACCOUNT_061,ACCOUNT_031,244.02,USD,2026-07-20 13:48:49,False,
TX_00445,ACCOUNT_063,ACCOUNT_100,742.15,USD,2026-07-20 13:56:04,False,
TX_00274,ACCOUNT_093,ACCOUNT_078,704.52,USD,2026-07-20 14:28:34,False,
TX_00240,ACCOUNT_056,ACCOUNT_121,5710.17,USD,2026-07-20 14:57:13,False,
TX_00025,ACCOUNT_055,ACCOUNT_084,294.54,USD,2026-07-20 15:11:19,False,
TX_00001,ACCOUNT_012,ACCOUNT_097,2631.75,USD,2026-07-20 15:17:29,False,
TX_00166,ACCOUNT_025,ACCOUNT_037,1054.42,USD,2026-07-20 16:30:49,False,
TX_00398,ACCOUNT_038,ACCOUNT_083,1997.06,USD,2026-07-20 17:55:39,False,
TX_00313,ACCOUNT_088,ACCOUNT_021,6085.32,USD,2026-07-20 18:35:34,False,
TX_00411,ACCOUNT_084,ACCOUNT_092,1883.63,USD,2026-07-20 21:17:41,False,
TX_00022,ACCOUNT_001,ACCOUNT_098,360.89,USD,2026-07-20 22:41:33,False,
TX_00057,ACCOUNT_035,ACCOUNT_061,1944.91,USD,2026-07-21 03:12:33,False,
TX_00261,ACCOUNT_085,ACCOUNT_011,348.99,USD,2026-07-21 06:00:33,False,
TX_00250,ACCOUNT_007,ACCOUNT_117,371.91,USD,2026-07-21 06:13:12,False,
TX_00163,ACCOUNT_078,ACCOUNT_012,2158.26,USD,2026-07-21 10:07:27,False,
TX_00388,ACCOUNT_104,ACCOUNT_116,705.64,USD,2026-07-21 10:56:43,False,
TX_00020,ACCOUNT_049,ACCOUNT_030,1638.01,USD,2026-07-21 11:23:48,False,
TX_00161,ACCOUNT_006,ACCOUNT_110,2025.25,USD,2026-07-21 12:50:12,False,
TX_00156,ACCOUNT_016,ACCOUNT_005,1476.0,USD,2026-07-21 13:59:21,False,
TX_00303,ACCOUNT_029,ACCOUNT_074,1464.3,USD,2026-07-21 14:58:37,False,
TX_00002,ACCOUNT_055,ACCOUNT_011,231.38,USD,2026-07-21 22:06:17,False,
TX_00172,ACCOUNT_015,ACCOUNT_016,4528.87,USD,2026-07-21 22:06:33,False,
TX_00288,ACCOUNT_049,ACCOUNT_113,590.21,USD,2026-07-21 22:41:47,False,
TX_00009,ACCOUNT_021,ACCOUNT_095,4025.03,USD,2026-07-22 00:22:35,False,
TX_00234,ACCOUNT_001,ACCOUNT_022,1589.0,USD,2026-07-22 02:11:02,False,
TX_00045,ACCOUNT_016,ACCOUNT_057,1980.26,USD,2026-07-22 02:54:11,False,
TX_00205,ACCOUNT_052,ACCOUNT_047,700.97,USD,2026-07-22 06:36:24,False,
TX_00298,ACCOUNT_007,ACCOUNT_108,1411.55,USD,2026-07-22 08:19:18,False,
TX_00086,ACCOUNT_025,ACCOUNT_004,405.96,USD,2026-07-22 11:05:35,False,
TX_00157,ACCOUNT_012,ACCOUNT_057,434.21,USD,2026-07-22 16:15:41,False,
TX_00397,ACCOUNT_116,ACCOUNT_052,3619.93,USD,2026-07-22 18:50:58,False,
TX_00064,ACCOUNT_036,ACCOUNT_092,1506.05,USD,2026-07-22 19:26:10,False,
TX_00141,ACCOUNT_085,ACCOUNT_066,1944.0,USD,2026-07-22 19:58:44,False,
TX_00447,ACCOUNT_065,ACCOUNT_086,3217.3,USD,2026-07-22 20:02:49,False,
TX_00003,ACCOUNT_066,ACCOUNT_122,1007.66,USD,2026-07-23 01:44:30,False,
TX_00405,ACCOUNT_119,ACCOUNT_092,1213.47,USD,2026-07-23 03:43:39,False,
TX_00314,ACCOUNT_091,ACCOUNT_038,4551.89,USD,2026-07-23 03:46:40,False,
TX_00119,ACCOUNT_078,ACCOUNT_098,1067.66,USD,2026-07-23 04:06:39,False,
TX_00338,ACCOUNT_048,ACCOUNT_012,120.84,USD,2026-07-23 06:02:08,False,
TX_00342,ACCOUNT_013,ACCOUNT_054,989.95,USD,2026-07-23 07:23:32,False,
TX_00402,ACCOUNT_037,ACCOUNT_112,2307.41,USD,2026-07-23 09:24:36,False,
TX_00076,ACCOUNT_047,ACCOUNT_093,1579.57,USD,2026-07-23 09:41:18,False,
TX_00176,ACCOUNT_066,ACCOUNT_123,1907.49,USD,2026-07-23 11:35:07,False,
TX_00242,ACCOUNT_037,ACCOUNT_122,914.59,USD,2026-07-23 11:59:17,False,
TX_00327,ACCOUNT_066,ACCOUNT_050,4266.71,USD,2026-07-23 13:11:50,False,
TX_00270,ACCOUNT_053,ACCOUNT_121,594.56,USD,2026-07-23 13:24:48,False,
TX_00209,ACCOUNT_019,ACCOUNT_089,1464.88,USD,2026-07-23 14:12:56,False,
TX_00236,ACCOUNT_078,ACCOUNT_124,1857.73,USD,2026-07-23 20:13:53,False,
TX_00358,ACCOUNT_032,ACCOUNT_040,1306.12,USD,2026-07-23 22:39:30,False,
TX_00026,ACCOUNT_059,ACCOUNT_010,1550.72,USD,2026-07-23 22:47:57,False,
TX_00035,ACCOUNT_014,ACCOUNT_012,2076.16,USD,2026-07-24 03:31:03,False,
TX_00263,ACCOUNT_080,ACCOUNT_038,1178.73,USD,2026-07-24 06:12:25,False,
TX_00118,ACCOUNT_123,ACCOUNT_073,1404.2,USD,2026-07-24 09:13:25,False,
TX_00056,ACCOUNT_120,ACCOUNT_059,2847.83,USD,2026-07-24 11:34:09,False,
TX_00121,ACCOUNT_105,ACCOUNT_058,1570.05,USD,2026-07-24 12:34:45,False,
TX_00188,ACCOUNT_077,ACCOUNT_054,1308.61,USD,2026-07-24 13:37:04,False,
TX_00043,ACCOUNT_033,ACCOUNT_090,1113.32,USD,2026-07-24 16:05:05,False,
TX_00111,ACCOUNT_093,ACCOUNT_110,1780.85,USD,2026-07-24 18:42:32,False,
TX_00246,ACCOUNT_123,ACCOUNT_010,4217.52,USD,2026-07-24 19:27:04,False,
TX_00317,ACCOUNT_008,ACCOUNT_022,414.72,USD,2026-07-24 19:56:30,False,
TX_00252,ACCOUNT_109,ACCOUNT_050,1664.83,USD,2026-07-25 00:37:39,False,
TX_00235,ACCOUNT_090,ACCOUNT_123,4118.13,USD,2026-07-25 01:59:20,False,
TX_00021,ACCOUNT_105,ACCOUNT_025,1737.51,USD,2026-07-25 03:31:38,False,
TX_00412,ACCOUNT_111,ACCOUNT_041,853.49,USD,2026-07-25 03:36:16,False,
TX_00262,ACCOUNT_043,ACCOUNT_054,8496.56,USD,2026-07-25 05:21:02,False,
TX_00197,ACCOUNT_121,ACCOUNT_065,1454.43,USD,2026-07-25 05:58:34,False,
TX_00165,ACCOUNT_107,ACCOUNT_098,939.77,USD,2026-07-25 06:00:42,False,
TX_00239,ACCOUNT_064,ACCOUNT_092,630.35,USD,2026-07-25 06:38:15,False,
TX_00174,ACCOUNT_057,ACCOUNT_020,602.25,USD,2026-07-25 09:35:47,False,
TX_00102,ACCOUNT_030,ACCOUNT_106,18298.25,USD,2026-07-25 11:55:46,False,
TX_00201,ACCOUNT_109,ACCOUNT_106,1035.23,USD,2026-07-25 15:45:29,False,
TX_00248,ACCOUNT_101,ACCOUNT_056,2004.78,USD,2026-07-25 16:15:35,False,
TX_00006,ACCOUNT_116,ACCOUNT_051,2040.11,USD,2026-07-25 16:23:18,False,
TX_00311,ACCOUNT_080,ACCOUNT_040,1820.22,USD,2026-07-25 16:45:31,False,
TX_00104,ACCOUNT_075,ACCOUNT_025,551.05,USD,2026-07-25 17:45:29,False,
TX_00204,ACCOUNT_093,ACCOUNT_055,348.78,USD,2026-07-25 19:33:53,False,
TX_00008,ACCOUNT_070,ACCOUNT_108,1280.58,USD,2026-07-25 19:53:39,False,
TX_00078,ACCOUNT_031,ACCOUNT_009,1139.6,USD,2026-07-25 22:24:04,False,
TX_00212,ACCOUNT_021,ACCOUNT_053,5802.49,USD,2026-07-26 02:08:20,False,
TX_00200,ACCOUNT_100,ACCOUNT_065,2438.23,USD,2026-07-26 02:54:55,False,
TX_00171,ACCOUNT_097,ACCOUNT_103,1258.63,USD,2026-07-26 03:20:44,False,
TX_00435,ACCOUNT_043,ACCOUNT_017,1249.35,USD,2026-07-26 04:12:18,False,
TX_00221,ACCOUNT_034,ACCOUNT_031,1673.88,USD,2026-07-26 05:13:01,False,
TX_00019,ACCOUNT_055,ACCOUNT_101,1630.79,USD,2026-07-26 06:01:05,False,
TX_00427,ACCOUNT_115,ACCOUNT_040,1985.77,USD,2026-07-26 07:11:32,False,
TX_00143,ACCOUNT_018,ACCOUNT_117,322.65,USD,2026-07-26 08:25:54,False,
TX_00325,ACCOUNT_020,ACCOUNT_029,1387.17,USD,2026-07-26 10:07:19,False,
TX_00226,ACCOUNT_061,ACCOUNT_087,1238.45,USD,2026-07-26 13:27:04,False,
TX_00258,ACCOUNT_107,ACCOUNT_098,930.07,USD,2026-07-26 14:24:29,False,
TX_00304,ACCOUNT_107,ACCOUNT_036,6753.63,USD,2026-07-26 14:25:33,False,
TX_00127,ACCOUNT_084,ACCOUNT_115,3864.82,USD,2026-07-26 15:01:02,False,
TX_00424,ACCOUNT_042,ACCOUNT_041,2511.69,USD,2026-07-26 16:45:41,False,
TX_00433,ACCOUNT_028,ACCOUNT_037,750.0,USD,2026-07-26 19:36:37,False,
TX_00413,ACCOUNT_025,ACCOUNT_118,522.94,USD,2026-07-26 19:39:13,False,
TX_00132,ACCOUNT_026,ACCOUNT_063,1427.04,USD,2026-07-26 19:43:03,False,
TX_00238,ACCOUNT_121,ACCOUNT_058,2547.73,USD,2026-07-27 00:05:49,False,
TX_00100,ACCOUNT_054,ACCOUNT_121,357.69,USD,2026-07-27 00:35:35,False,
TX_00276,ACCOUNT_041,ACCOUNT_044,1894.28,USD,2026-07-27 05:30:22,False,
TX_00352,ACCOUNT_013,ACCOUNT_074,717.55,USD,2026-07-27 10:20:45,False,
TX_00260,ACCOUNT_050,ACCOUNT_069,491.74,USD,2026-07-27 14:19:17,False,
TX_00344,ACCOUNT_048,ACCOUNT_117,1507.11,USD,2026-07-27 15:03:04,False,
TX_00376,ACCOUNT_021,ACCOUNT_010,800.87,USD,2026-07-27 15:21:07,False,
TX_00332,ACCOUNT_051,ACCOUNT_097,932.81,USD,2026-07-27 16:33:09,False,
TX_00072,ACCOUNT_055,ACCOUNT_019,5547.94,USD,2026-07-27 18:00:27,False,
TX_00010,ACCOUNT_045,ACCOUNT_056,910.97,USD,2026-07-27 19:02:49,False,
TX_00256,ACCOUNT_004,ACCOUNT_088,4565.93,USD,2026-07-27 20:51:25,False,
TX_00305,ACCOUNT_058,ACCOUNT_021,599.55,USD,2026-07-27 21:37:36,False,
TX_00320,ACCOUNT_074,ACCOUNT_072,1393.8,USD,2026-07-27 22:03:27,False,
TX_00340,ACCOUNT_072,ACCOUNT_098,680.21,USD,2026-07-28 02:51:38,False,
TX_00407,ACCOUNT_090,ACCOUNT_091,2811.23,USD,2026-07-28 05:06:07,False,
TX_00295,ACCOUNT_075,ACCOUNT_031,583.71,USD,2026-07-28 10:12:17,False,
TX_00416,ACCOUNT_036,ACCOUNT_085,1936.9,USD,2026-07-28 10:21:36,False,
TX_00105,ACCOUNT_116,ACCOUNT_018,1980.87,USD,2026-07-28 10:59:31,False,
TX_00031,ACCOUNT_107,ACCOUNT_036,2493.49,USD,2026-07-28 12:42:34,False,
TX_00198,ACCOUNT_093,ACCOUNT_017,1272.7,USD,2026-07-28 15:09:40,False,
TX_00145,ACCOUNT_092,ACCOUNT_053,2786.07,USD,2026-07-28 15:34:08,False,
TX_00099,ACCOUNT_015,ACCOUNT_047,1230.49,USD,2026-07-28 19:03:36,False,
TX_00137,ACCOUNT_125,ACCOUNT_100,1379.54,USD,2026-07-28 22:35:14,False,
TX_00439,ACCOUNT_053,ACCOUNT_110,4874.49,USD,2026-07-28 23:41:18,False,
TX_00094,ACCOUNT_121,ACCOUNT_023,1034.17,USD,2026-07-28 23:46:36,False,
TX_00423,ACCOUNT_077,ACCOUNT_023,2464.3,USD,2026-07-29 01:52:29,False,
TX_00070,ACCOUNT_065,ACCOUNT_124,2001.13,USD,2026-07-29 01:57:04,False,
TX_00283,ACCOUNT_018,ACCOUNT_005,636.49,USD,2026-07-29 03:22:37,False,
TX_00440,ACCOUNT_080,ACCOUNT_009,1977.0,USD,2026-07-29 03:40:53,False,
TX_00361,ACCOUNT_052,ACCOUNT_018,908.5,USD,2026-07-29 05:43:16,False,
TX_00077,ACCOUNT_001,ACCOUNT_118,5918.48,USD,2026-07-29 10:21:59,False,
TX_00151,ACCOUNT_022,ACCOUNT_070,1606.92,USD,2026-07-29 11:19:39,False,
TX_00190,ACCOUNT_106,ACCOUNT_028,489.97,USD,2026-07-29 11:22:57,False,
TX_00339,ACCOUNT_067,ACCOUNT_098,485.41,USD,2026-07-29 11:49:14,False,
TX_00399,ACCOUNT_075,ACCOUNT_077,337.77,USD,2026-07-29 12:02:38,False,
TX_00360,ACCOUNT_124,ACCOUNT_045,500.7,USD,2026-07-29 14:09:33,False,
TX_00249,ACCOUNT_007,ACCOUNT_047,528.01,USD,2026-07-29 14:16:12,False,
TX_00059,ACCOUNT_101,ACCOUNT_034,921.66,USD,2026-07-29 14:42:59,False,
TX_00135,ACCOUNT_091,ACCOUNT_018,840.12,USD,2026-07-29 19:09:20,False,
TX_00422,ACCOUNT_088,ACCOUNT_110,810.79,USD,2026-07-29 20:57:46,False,
TX_00168,ACCOUNT_123,ACCOUNT_101,163.98,USD,2026-07-29 21:29:43,False,
TX_00307,ACCOUNT_070,ACCOUNT_057,6678.52,USD,2026-07-30 01:08:53,False,
TX_00042,ACCOUNT_088,ACCOUNT_096,972.01,USD,2026-07-30 01:48:25,False,
TX_00353,ACCOUNT_060,ACCOUNT_026,928.67,USD,2026-07-30 06:27:51,False,
TX_00335,ACCOUNT_115,ACCOUNT_108,470.66,USD,2026-07-30 12:08:30,False,
TX_00273,ACCOUNT_039,ACCOUNT_067,2714.49,USD,2026-07-30 12:28:28,False,
TX_00285,ACCOUNT_072,ACCOUNT_009,1117.67,USD,2026-07-30 12:54:46,False,
TX_00343,ACCOUNT_027,ACCOUNT_123,6491.97,USD,2026-07-30 15:22:33,False,
TX_00393,ACCOUNT_080,ACCOUNT_070,1063.96,USD,2026-07-30 19:13:31,False,
TX_00428,ACCOUNT_003,ACCOUNT_094,1478.35,USD,2026-07-30 21:39:24,False,
TX_00229,ACCOUNT_003,ACCOUNT_050,1402.52,USD,2026-07-30 22:42:30,False,
TX_00437,ACCOUNT_015,ACCOUNT_057,588.99,USD,2026-07-30 22:59:55,False,
